Precision,Recall,F1 Score
0.9980450292117209,0.9977685686962066,0.9339622641509434
