mse,rmse,r2 score,evs,max error,msle
0.01238064082775727,0.1112683280532123,0.8491026140032298,0.8623724863126637,0.3858197502804843,0.006622204006625215
