Precision,Recall,F1 Score
0.9995358997918582,0.9995218361491871,0.9850746268656716
