mse,rmse,r2 score,evs,max error,msle
0.010736703121912645,0.10361806368540499,0.8691392103316945,0.887939059891167,0.3304938451033047,0.0055418563051569565
